Predictor,Estimate,PermP,Rate_Ratio_for_10ptChange
Intercept,555.3781687,0.116976605,1.31755E+24
Pct_Water,-6.01712671,0.134173165,0.547872507
Pct_Agricultural,-5.656330902,0.117376525,0.568000437
Pct_ForestScrub,-5.656473477,0.115776845,0.567992339
Pct_RoadsBldgs,-5.663902162,0.116176765,0.567570552
Slope_Mean,0.352822679,0.100979804,1.035912072
